{"topic":"\/imu","count":399,"wall Hz":13.4919205071,"sim Hz":20.0502512563}
{"topic":"\/d435_rgb_camera\/image_raw","count":605,"wall Hz":20.4343762442,"sim Hz":30.353200883}
{"topic":"\/d435_depth_camera\/image_raw","count":605,"wall Hz":20.4310113473,"sim Hz":30.353200883}
{"topic":"\/scan","count":200,"wall Hz":6.762527767,"sim Hz":10.0502512563}
{"topic":"\/odom","count":1993,"wall Hz":67.3279771417,"sim Hz":100.0502008032}
{"topic":"\/clock","count":19926,"wall Hz":672.3448011667,"sim Hz":1000.0501882058}
{"topic":"\/tf","count":2391,"wall Hz":80.8253728807,"sim Hz":120.0904068307}
{"topic":"\/gt_pose","count":1462,"wall Hz":49.3662298531,"sim Hz":73.4230614705}
