{"topic":"\/imu","count":400,"wall Hz":49.8283029136,"sim Hz":120.6030088089}
{"topic":"\/rgb_camera\/rgb","count":200,"wall Hz":24.9657541881,"sim Hz":60.3015044044}
{"topic":"\/depth_camera\/depth","count":200,"wall Hz":25.0699587341,"sim Hz":60.3015044044}
{"topic":"\/scan","count":400,"wall Hz":49.8267993808,"sim Hz":120.6030088089}
{"topic":"\/odom","count":400,"wall Hz":49.8271353,"sim Hz":120.6030088089}
{"topic":"\/clock","count":400,"wall Hz":49.830716747,"sim Hz":120.6030088089}
{"topic":"\/tf","count":1194,"wall Hz":149.4534480914,"sim Hz":361.8181629598}
