{"topic":"\/imu","count":398,"wall Hz":49.8297170165,"sim Hz":120.6060543199}
{"topic":"\/rgb_camera\/rgb","count":200,"wall Hz":24.9515809925,"sim Hz":60.3015043863}
{"topic":"\/depth_camera\/depth","count":200,"wall Hz":24.9893971072,"sim Hz":60.3015043863}
{"topic":"\/scan","count":398,"wall Hz":49.8383425754,"sim Hz":120.6060543199}
{"topic":"\/odom","count":398,"wall Hz":49.8352731528,"sim Hz":120.6060543199}
{"topic":"\/clock","count":398,"wall Hz":49.8384690503,"sim Hz":120.6060543199}
{"topic":"\/tf","count":1192,"wall Hz":150.4033445572,"sim Hz":361.2121023853}
